"flow_id","source","target","source_layer","target_layer","value_usd_bn","value_original","fx_rate_used","confidence_level","fiscal_year_ref","source_document","derivation_method","citation_excerpt","data_caveat","node_category","node_color_hex","link_color_rgba"
"F001","Zeiss SMT","ASML","1","2","5.5",">€5B (floor)","EUR/USD 1.10","DIRECTLY_DISCLOSED_FLOOR","FY2024","ZEISS Group FY2023/24 Annual Report","SMT segment disclosed as >€5B for the first time; floor converted at EUR/USD 1.10 = $5.50B. ASML holds 24.9% stake in Carl Zeiss SMT GmbH.","ZEISS AR: 'SMT segment exceeded €5B for first time ever; supplied ASML with latest EUV product generation and High-NA EUV lithography for the first time.'","Floor only — ZEISS disclosed '>€5B', not a precise figure; actual likely $5.5–6.5B. Zeiss SMT is effectively a single-customer business to ASML.","Precision Sub-Components","#8B5CF6","rgba(139,92,246,0.42)"
"F002","TRUMPF","ASML","1","2","0.5","Not separately disclosed","N/A (analyst estimate, no disclosed currency amount)","ANALYST_ESTIMATE","FY2024/25","TRUMPF Group press release Oct 22 2025 (FY2024/25 results)","TRUMPF is sole supplier of CO2 drive lasers for ASML EUV light sources. ASML-specific revenue not disclosed. $0.50B is an indicative estimate based on ASML EUV tool volumes.","TRUMPF FY2024/25: total revenue €4.3B (−16% YoY); EUV laser division posted operating losses; R&D €519M (12% of rev).","Highly uncertain. TRUMPF does not disclose ASML-specific revenue. EUV laser division was loss-making in FY2024/25. $0.50B is illustrative.","Precision Sub-Components","#8B5CF6","rgba(139,92,246,0.42)"
"F003","VAT Group","ASML","1","2","0.17","~CHF 193M est.","CHF/USD 0.885","ANALYST_ESTIMATE","FY2024","VAT Group Annual Report 2024 (CHF 942M total revenue)","82% of CHF 942M Valves revenue = CHF 773M (~$684M semi-related); split equally among 4 named OEM customers at ~25% each = ~$171M. ASML is named; no per-customer % disclosed.","VAT AR: Valves segment 82% of CHF 942M revenue; customers include ASML, AMAT, Lam, TEL; >70% global market share in semi vacuum valves.","Equal-split across 4 OEMs is a simplification; ASML EUV chamber complexity may warrant a higher share. No per-customer breakdown disclosed.","Precision Sub-Components","#8B5CF6","rgba(139,92,246,0.42)"
"F004","VAT Group","Applied Materials","1","2","0.17","~CHF 193M est.","CHF/USD 0.885","ANALYST_ESTIMATE","FY2024","VAT Group Annual Report 2024","25% equal share of VAT semi Valves revenue allocated to AMAT.","VAT AR: Applied Materials named as key OEM customer for semiconductor vacuum valves.","Same caveat as F003.","Precision Sub-Components","#8B5CF6","rgba(139,92,246,0.42)"
"F005","VAT Group","Lam Research","1","2","0.17","~CHF 193M est.","CHF/USD 0.885","ANALYST_ESTIMATE","FY2024","VAT Group Annual Report 2024","25% equal share of VAT semi Valves revenue allocated to Lam Research.","VAT AR: Lam Research named as key OEM customer for semiconductor vacuum valves.","Same caveat as F003.","Precision Sub-Components","#8B5CF6","rgba(139,92,246,0.42)"
"F006","VAT Group","Tokyo Electron","1","2","0.17","~CHF 193M est.","CHF/USD 0.885","ANALYST_ESTIMATE","FY2024","VAT Group Annual Report 2024","25% equal share of VAT semi Valves revenue allocated to Tokyo Electron.","VAT AR: Tokyo Electron named as key OEM customer for semiconductor vacuum valves.","Same caveat as F003.","Precision Sub-Components","#8B5CF6","rgba(139,92,246,0.42)"
"F007","Entegris","TSMC","1","4","0.51","$508.0M","USD","DIRECTLY_DISCLOSED","FY2024","Entegris 10-K filed Feb 12 2025","One customer disclosed at $508.0M (15.7% of $3.24B net sales). TSMC identified as this customer by industry consensus.","Entegris 10-K: 'Revenue from one customer was $508.0M in 2024, approximately 15.7% of our net sales' (also $382.9M in 2023).","Customer identity INFERRED — Entegris does not name TSMC. Identification based on TSMC being the largest advanced fab and primary buyer of specialty semiconductor materials.","Raw Materials & Wafers","#D97706","rgba(217,119,6,0.42)"
"F008","Entegris","Other Foundries","1","4","2.73","$2,730M (residual)","USD","DIRECTLY_DISCLOSED_RESIDUAL","FY2024","Entegris 10-K filed Feb 12 2025","$3.24B total − $0.508B top customer = $2.73B for all other customers.","Entegris FY2024: total net sales $3.24B; semiconductors ~82% of revenue.","Residual includes Samsung, SK Hynix, Micron, GlobalFoundries, Intel and other semiconductor materials customers globally.","Raw Materials & Wafers","#D97706","rgba(217,119,6,0.42)"
"F009","Air Liquide Electronics","TSMC","1","4","0.68","~€629M est.","EUR/USD 1.08","ANALYST_ESTIMATE","FY2024","Air Liquide FY2024 press release","Electronics BL €2,510M × 25% TSMC share estimate (TSMC ~17M 12-inch equiv. wafers/yr ≈ est. 20–25% of global 300mm fab volume at advanced nodes).","Air Liquide: 'Electronics business line FY2024 €2,510M, a world reference in ultra high purity gases and advanced materials.'","Air Liquide does not disclose per-customer splits. TSMC allocation derived from wafer capacity proxy. 2/3nm nodes consume more specialty gases.","Raw Materials & Wafers","#D97706","rgba(217,119,6,0.42)"
"F011","Air Liquide Electronics","SK Hynix","1","4","0.33","~€306M est.","EUR/USD 1.08","ANALYST_ESTIMATE","FY2024","Air Liquide FY2024 press release","Electronics BL €2,510M × 12% SK Hynix share (Icheon + Cheongju fabs).","Air Liquide Electronics BL FY2024 €2,510M. SK Hynix is a major DRAM/HBM fab customer.","Analyst estimate. SK Hynix share 12% based on ~10-15% of global 300mm DRAM wafer capacity. HBM production requires high-purity process gases.","Raw Materials & Wafers","#D97706","rgba(217,119,6,0.42)"
"F012","Air Liquide Electronics","Micron","1","4","0.27","~€250M est.","EUR/USD 1.08","ANALYST_ESTIMATE","FY2024","Air Liquide FY2024 press release","Electronics BL €2,510M × 10% Micron share (Boise ID, Hiroshima, Singapore fabs).","Air Liquide FY2024: APAC Electronics +3.4%, EMEA +8.2%; Carrier Gases double-digit growth.","Air Liquide has known on-site gas supply agreements at Micron Boise; exact share unconfirmed.","Raw Materials & Wafers","#D97706","rgba(217,119,6,0.42)"
"F013","Air Liquide Electronics","Other Foundries","1","4","0.89","~€824M est. (residual)","EUR/USD 1.08","ANALYST_ESTIMATE_RESIDUAL","FY2024","Air Liquide FY2024 press release","Residual: €2,510M × 33% = €829M (Intel, GlobalFoundries, SMIC, UMC, Kioxia, Tower and other fab customers).","Air Liquide Electronics BL total €2,510M FY2024; customer mix not disclosed.","Intel is a major Air Liquide gas customer (on-site supply at Chandler AZ, Oregon, Ireland).","Raw Materials & Wafers","#D97706","rgba(217,119,6,0.42)"
"F014","Shin-Etsu Semi","TSMC","1","4","1.13","~¥169B est.","JPY/USD 150","ANALYST_ESTIMATE","FY2025","Shin-Etsu Chemical Annual Report 2025 (FY ended Mar 31 2025)","Semiconductor Silicon est. ~27% of ¥2,561.2B group = ¥691B (~$4.61B); TSMC allocated ~25% of silicon wafer volume = $1.15B (≈$1.13B after rounding).","Shin-Etsu FY2025: group net sales ¥2,561.2B; Q2 Electronic Materials OP +11.8% on 12-inch AI wafer demand; ¥500B share buyback announced Apr 2025.","Semiconductor Silicon not separately reported by Shin-Etsu; 27% of group is analyst estimate. SUMCO is the primary competing silicon wafer supplier.","Raw Materials & Wafers","#D97706","rgba(217,119,6,0.42)"
"F016","Shin-Etsu Semi","SK Hynix","1","4","0.45","~¥67.5B est.","JPY/USD 150","ANALYST_ESTIMATE","FY2025","Shin-Etsu Chemical Annual Report 2025","Semi Silicon $4.61B × 10% SK Hynix share estimate.","Shin-Etsu FY2025 group ¥2,561.2B; HBM production drives high-quality 300mm substrate demand.","Analyst estimate; SK Hynix uses Shin-Etsu and SUMCO as dual silicon wafer sources.","Raw Materials & Wafers","#D97706","rgba(217,119,6,0.42)"
"F017","Shin-Etsu Semi","Micron","1","4","0.36","~¥54B est.","JPY/USD 150","ANALYST_ESTIMATE","FY2025","Shin-Etsu Chemical Annual Report 2025","Semi Silicon $4.61B × 8% Micron share estimate.","Shin-Etsu FY2025 group ¥2,561.2B; US and Japan geographic mix covers Micron Boise and Hiroshima.","Micron sources silicon wafers from Shin-Etsu and SUMCO; exact share not disclosed.","Raw Materials & Wafers","#D97706","rgba(217,119,6,0.42)"
"F018","Shin-Etsu Semi","Other Foundries","1","4","1.76","~¥264B est. (residual)","JPY/USD 150","ANALYST_ESTIMATE_RESIDUAL","FY2025","Shin-Etsu Chemical Annual Report 2025","Residual: $4.61B × 39% = $1.80B (Intel, GlobalFoundries, UMC, SMIC, Kioxia and other 300mm wafer customers).","Shin-Etsu FY2025 group net sales ¥2,561.2B; operating profit ¥742.1B (margin 29%).","Intel is a large silicon wafer buyer; SMIC and Chinese fabs also buy from Shin-Etsu.","Raw Materials & Wafers","#D97706","rgba(217,119,6,0.42)"
"F019","ASML","TSMC","2","4","8.58","€7,796.7M","EUR/USD 1.10","INFERRED","FY2025","ASML 2025 Annual Report (Form 6-K filed early 2026)","ASML directly disclosed largest customer = 23.9% of €32.7B = €7,796.7M. Converted at EUR/USD 1.10 = $8.58B. TSMC identified by industry consensus.","ASML 2025 AR: 'Total net sales to our largest customer amounted to €7,796.7 million, or 23.9% of total net sales in 2025, compared with €4,682.4 million, or 16.6% of total net sales in 2024.'","ASML does not name TSMC. Identification is industry consensus. The jump from 16.6% (2024) to 23.9% (2025) signals TSMC accelerating EUV/High-NA procurement ahead of competitors.","Semiconductor Equipment","#06B6D4","rgba(6,182,212,0.42)"
"F021","ASML","Other Foundries","2","4","19.8","€20,274M (residual)","EUR/USD 1.10","DIRECTLY_DISCLOSED_RESIDUAL","FY2025","ASML 2025 Annual Report (Form 6-K filed early 2026)","€32.7B total − €12,426M top-2 = €20,274M residual; × 1.10 = $22.30B. Includes Intel, SK Hynix, Micron, SMIC, UMC and all other ASML customers.","ASML total net sales €32.7B FY2025; top-2 = 38.0%; China = 29% of 2025 sales (down from 36% in 2024).","Most of the $22.3B residual is DUV (ArFi, KrF) equipment sold to a broad customer base. EUV is concentrated at TSMC + Samsung. Intel (18A/20A node EUV), SK Hynix (HBM EUV), Micron (1-beta DRAM EUV) are notable EUV buyers within this residual.  [Reduced from $22.3B: explicit Intel Fabs sub-flows added separately]","Semiconductor Equipment","#06B6D4","rgba(6,182,212,0.42)"
"F022","Applied Materials","TSMC","2","4","5.39","$5,390M","USD","INFERRED","FY2025","Applied Materials 10-K filed Dec 2025","Customer 1 = 19% of $28.37B net revenue = $5.39B. TSMC identified as Customer 1 by analyst consensus (largest single semiconductor capex spender globally).","AMAT 10-K FY2025: 'During fiscal 2025, two customers accounted for approximately 19% and 15%, respectively, of our net revenue.'","AMAT does not name customers. TSMC as Customer 1 is analyst consensus. AMAT supplies CVD, PVD, etch, and CMP tools for TSMC's advanced node fabs.","Semiconductor Equipment","#06B6D4","rgba(6,182,212,0.42)"
"F024","Applied Materials","Micron","2","4","2.27","$2,270M est.","USD","ANALYST_ESTIMATE","FY2025","Applied Materials 10-K filed Dec 2025","Estimated ~8% of $28.37B = $2.27B. AMAT disclosed only TWO customers >10%; Micron at ~8% is consistent with not triggering the 10% disclosure threshold.","AMAT 10-K: only two customers at >10%. Geographic: US −20% YoY. Micron US fabs (Boise, Idaho) are major AMAT tool buyers.","Analyst estimate. Micron is a named AMAT customer in company materials but percentage not specifically disclosed. 8% estimate places it below the 10% disclosure threshold consistent with AMAT's disclosure.","Semiconductor Equipment","#06B6D4","rgba(6,182,212,0.42)"
"F025","Applied Materials","Other Foundries","2","4","14.46","$16,455M (residual)","USD","DIRECTLY_DISCLOSED_RESIDUAL","FY2025","Applied Materials 10-K filed Dec 2025","$28.37B − $5.39B (TSMC) − $4.26B (Samsung) − $2.27B (Micron est.) = $16.45B residual for all other customers (~58%).","AMAT FY2025 net revenue $28.37B (+4% YoY, record); Semiconductor Systems 73%; Applied Global Services 23%; backlog $15.0B.","Includes SK Hynix, Intel, GlobalFoundries, SMIC, UMC, Kioxia and others. Note AMAT China revenue fell −16% YoY due to export control tightening.  [Reduced from $16.46B: explicit Intel Fabs sub-flows added separately]","Semiconductor Equipment","#06B6D4","rgba(6,182,212,0.42)"
"F026","Lam Research","TSMC","2","4","2.77","$2,766M est.","USD","INFERRED","FY2025","Lam Research 10-K filed Aug 2025 (Note 9)","TSMC named as most significant customer; estimated at ~15% × $18.44B = $2.77B, consistent with Lam's Taiwan geographic revenue (19% of total = $3.50B — TSMC is dominant Taiwan fab).","Lam 10-K FY2025: 'Our most significant customers...included Samsung Electronics Company, Ltd. and Taiwan Semiconductor Manufacturing Company.' Note 9 discloses percentages (not extracted).","Lam names customers but exact percentages disclosed only in Note 9. Historical range 15–25%. 15% used as conservative estimate. Lam supplies etch and dep tools critical to TSMC FinFET/GAA process.","Semiconductor Equipment","#06B6D4","rgba(6,182,212,0.42)"
"F028","Lam Research","SK Hynix","2","4","1.84","$1,844M est.","USD","ANALYST_ESTIMATE","FY2025","Lam Research 10-K filed Aug 2025","Estimated ~10% × $18.44B = $1.84B. SK Hynix HBM capex surged in 2025 (₩19T new fab committed); Lam etch tools are critical for HBM stack processing.","Lam geographic: Korea 22% ($4.05B); SK Hynix portion estimated as ~half of Korea revenue alongside Samsung.","Not individually disclosed. SK Hynix HBM market share 57–62% in 2025 implies elevated Lam tool demand. 10% estimate is conservative.","Semiconductor Equipment","#06B6D4","rgba(6,182,212,0.42)"
"F029","Lam Research","Micron","2","4","1.48","$1,480M est.","USD","ANALYST_ESTIMATE","FY2025","Lam Research 10-K filed Aug 2025","Estimated ~8% × $18.44B = $1.48B. Lam US revenue 7% ($1.29B) + Japan revenue 10% ($1.84B) includes Micron Boise and Micron Hiroshima. 8% places Micron below 10% disclosure threshold.","Lam FY2025: geographic breakdown — US 7%, Japan 10%; deferred revenue $2.7B (advance deposits from newer customers).","Not disclosed. Micron received $6.4B CHIPS Act funding for new Idaho fab; Lam tool orders for Micron ID1 (H2 2027 first wafer) not yet reflected in FY2025.","Semiconductor Equipment","#06B6D4","rgba(6,182,212,0.42)"
"F030","Lam Research","Other Foundries","2","4","8.08","$9,584M (residual)","USD","DIRECTLY_DISCLOSED_RESIDUAL","FY2025","Lam Research 10-K filed Aug 2025","$18.44B − $2.77B − $2.77B − $1.84B − $1.48B = $9.58B residual. China 34% ($6.27B) is dominant — SMIC, CXMT, ChangXin, YMTC.","Lam FY2025 revenue $18.44B (+23.7% YoY); geographic: China 34%, Korea 22%, Taiwan 19%, Japan 10%, US 7%.","China 34% ($6.27B) within Other Foundries is a critical risk point — further US export controls could materially affect Lam China revenue.  [Reduced from $9.58B: explicit Intel Fabs sub-flows added separately]","Semiconductor Equipment","#06B6D4","rgba(6,182,212,0.42)"
"F031","Tokyo Electron","TSMC","2","4","3.36","~¥504B est.","JPY/USD 150","ANALYST_ESTIMATE","FY2025","Tokyo Electron Integrated Report FY2025 / FY25 Q4 transcript","Taiwan geographic proxy: 20.7% × $16.21B = $3.35B (~$3.36B). TEL does NOT disclose customer percentages in Securities Report.","TEL FY25 Q4 geographic: China 34.3%, Korea 22.4%, Taiwan 20.7%. TEL explicitly states it does not disclose customer concentration.","Geographic proxy approach; Taiwan revenue is overwhelmingly TSMC (>95% of Taiwan semi capex at leading edge). ANALYST_ESTIMATE — not a disclosed figure.","Semiconductor Equipment","#06B6D4","rgba(6,182,212,0.42)"
"F033","Tokyo Electron","SK Hynix","2","4","1.82","~¥273B est.","JPY/USD 150","ANALYST_ESTIMATE","FY2025","Tokyo Electron Integrated Report FY2025","Korea geographic 22.4% × $16.21B = $3.63B; ~50% allocated to SK Hynix = $1.82B.","TEL FY25 Q4: Korea 22.4% of sales; DRAM (including HBM) 31% of SPE new equipment.","Same caveat as F032.","Semiconductor Equipment","#06B6D4","rgba(6,182,212,0.42)"
"F034","Tokyo Electron","China Fabs","2","4","5.56","~¥834B est.","JPY/USD 150","ANALYST_ESTIMATE","FY2025","Tokyo Electron Integrated Report FY2025 / FY25 Q4 transcript","China geographic: 34.3% × $16.21B = $5.56B. China was largest single region for TEL.","TEL FY25 Q4 geographic: China 34.3%; TEL noted China was the largest single geographic region in Q4 FY25.","China Fabs aggregate: SMIC (logic), CXMT/ChangXin (DRAM), YMTC (NAND), and other Chinese IDMs. Regulation changes may restrict TEL China access.","Semiconductor Equipment","#06B6D4","rgba(6,182,212,0.42)"
"F035","Tokyo Electron","Other Foundries","2","4","3.64","~¥546B est. (residual)","JPY/USD 150","ANALYST_ESTIMATE_RESIDUAL","FY2025","Tokyo Electron Integrated Report FY2025","Residual: $16.21B − $3.36B Taiwan − $3.63B Korea − $5.56B China = $3.66B. Japan 10% ($1.62B, primarily Kioxia/Micron Hiroshima); US 7% ($1.13B); SE Asia 5% ($0.81B); Europe 3% ($0.49B).","TEL FY2025 net sales ¥2,431.6B (+32.8% YoY, record); field solutions ¥538.3B (+25.6%).","Japan sub-total includes Kioxia (NAND) and Micron Hiroshima; US includes Intel.","Semiconductor Equipment","#06B6D4","rgba(6,182,212,0.42)"
"F036","KLA","TSMC","2","4","1.82","$1,824M est.","USD","ANALYST_ESTIMATE","FY2025","KLA Corporation 10-K filed Aug 8 2025","KLA disclosed 'multiple customers each >10% of total revenues'; TSMC estimated at ~15% × $12.16B = $1.82B as likely largest process-control buyer.","KLA 10-K FY2025: 'Revenue from multiple customers represented greater than 10% of total revenues...primarily in Semiconductor Process Control segment in fiscal years 2025, 2024 and 2023.'","KLA does not disclose individual customer percentages. TSMC identified as likely largest by analyst consensus. 15% estimate is conservative given TSMC's dominant advanced-node position.","Process Control Equipment","#F59E0B","rgba(245,158,11,0.42)"
"F038","KLA","Other Foundries","2","4","9.12","$9,120M (residual)","USD","ANALYST_ESTIMATE_RESIDUAL","FY2025","KLA Corporation 10-K filed Aug 8 2025","$12.16B − $1.82B TSMC est. − $1.22B Samsung est. = $9.12B residual.","KLA total revenues FY2025 $12.16B; China 33% ($4.01B); Korea and Taiwan also significant. Services business ~22% of revenue.","Includes SK Hynix, Intel, Micron, SMIC, GlobalFoundries. KLA China (33%) is a key risk; was 43% in FY2024 — already declining.","Process Control Equipment","#F59E0B","rgba(245,158,11,0.42)"
"F039","Screen Holdings","TSMC","2","4","0.87","~¥130B est.","JPY/USD 150","ANALYST_ESTIMATE","FY2025","Screen Holdings FY2025 disclosure (FY ended Mar 31 2025)","SPE (semi equipment) segment ¥519.5B ($3.46B); TSMC estimated at ~25% of SPE = $0.87B. Screen makes spin coaters, batch clean systems widely used at TSMC advanced nodes.","Screen Holdings FY2025: net sales ¥625.3B (record); SPE ¥519.5B (~83% of total).","Screen does not disclose customer percentages. 25% TSMC allocation is analyst estimate based on TSMC's share of advanced logic node capex.","Semiconductor Equipment","#06B6D4","rgba(6,182,212,0.42)"
"F041","Screen Holdings","SK Hynix","2","4","0.52","~¥78B est.","JPY/USD 150","ANALYST_ESTIMATE","FY2025","Screen Holdings FY2025 disclosure","SPE $3.46B × 15% SK Hynix share estimate.","Screen FY2025 SPE ¥519.5B; HBM production requires batch clean tools for layer deposition.","Analyst estimate.","Semiconductor Equipment","#06B6D4","rgba(6,182,212,0.42)"
"F042","Screen Holdings","Other Foundries","2","4","1.38","~¥207B est. (residual)","JPY/USD 150","ANALYST_ESTIMATE_RESIDUAL","FY2025","Screen Holdings FY2025 disclosure","SPE $3.46B × 40% residual (Kioxia, Micron, Intel, GlobalFoundries, SMIC).","Screen Holdings FY2026 forecast ¥605.7B (−3.1%) — slight decline expected.","Kioxia (NAND, Japan) and Micron are significant Screen batch clean customers.","Semiconductor Equipment","#06B6D4","rgba(6,182,212,0.42)"
"F043","Arm Holdings","Arm China","3","5","0.68","$681M","USD","DIRECTLY_DISCLOSED","FY2025","Arm Holdings 20-F filed May 28 2025 (FY ended Mar 31 2025)","17% × $4,007M FY25 revenue = $681.2M. Arm China directly named as largest single customer.","Arm 20-F: 'our largest customer individually, Arm China, accounted for approximately 17%...of our total revenue' for FY ended March 31 2025.","Arm China is a JV (Arm UK owns ~48%); revenue represents royalties and license fees from Chinese chip companies (HiSilicon, Alibaba DAMO, etc.) flowing through the Arm China entity.","EDA & IP","#6366F1","rgba(99,102,241,0.42)"
"F044","Arm Holdings","Qualcomm","3","5","0.44","~$441M est.","USD","ANALYST_ESTIMATE","FY2025","Arm Holdings 20-F filed May 28 2025","Qualcomm named as key licensee; estimated ~11% of $4,007M = $441M. Top-5 customers = 56% (Arm China 17% + est. 39% for other 4).","Arm 20-F: top-5 customers = 56% of FY2025 revenue; named licensees include Qualcomm, Nvidia, MediaTek, AMD, Alphabet, AWS, Intel, Samsung.","Qualcomm share estimated based on Snapdragon volume and royalty structure. Note: Arm/Qualcomm had a licensing dispute resolved in 2024; contract terms not public.","EDA & IP","#6366F1","rgba(99,102,241,0.42)"
"F045","Arm Holdings","MediaTek","3","5","0.36","~$361M est.","USD","ANALYST_ESTIMATE","FY2025","Arm Holdings 20-F filed May 28 2025","MediaTek named as key licensee; estimated ~9% of $4,007M = $361M.","Arm 20-F: MediaTek named as key customer; Arm-based Dimensity SoC series for smartphones and Kompanio for Chromebooks.","MediaTek is a large-volume Arm licensee; exact royalty contribution undisclosed.","EDA & IP","#6366F1","rgba(99,102,241,0.42)"
"F046","Arm Holdings","Nvidia","3","5","0.24","~$241M est.","USD","ANALYST_ESTIMATE","FY2025","Arm Holdings 20-F filed May 28 2025","Nvidia named as key licensee; estimated ~6% of $4,007M = $241M. Nvidia uses Arm Neoverse for Grace CPU in GH200 and GB200 NVL products.","Arm 20-F: Nvidia listed as named licensee; Arm pushing into production silicon (Arm AGI CPU, integrated compute subsystems).","Nvidia's primary compute revenue (GPU) is not Arm-based; Arm exposure grows with Grace CPU adoption in AI infrastructure. Estimate modest relative to total Nvidia revenue.","EDA & IP","#6366F1","rgba(99,102,241,0.42)"
"F047","Arm Holdings","Other Licensees","3","5","2.28","$2,284M (residual)","USD","DIRECTLY_DISCLOSED_RESIDUAL","FY2025","Arm Holdings 20-F filed May 28 2025","$4,007M − $681M Arm China − $441M Qualcomm − $361M MediaTek − $241M Nvidia − est. $83M other top-5 = $2,200–2,300M residual.","Arm FY2025 total revenue $4,007M (+24% YoY); 310B+ cumulative Arm-based chips shipped through FY25; total cash/deposits $2.83B.","Residual includes Alphabet (Google Tensor), AWS (Graviton), Microsoft (Cobalt), AMD (EPYC memory controllers), Samsung Exynos, Apple (architectural license, different royalty structure) and hundreds of IoT/embedded licensees.","EDA & IP","#6366F1","rgba(99,102,241,0.42)"
"F048","Synopsys","EDA Customers","3","5","7.05","$7,050M","USD","DIRECTLY_DISCLOSED","FY2025","Synopsys 10-K filed Dec 2025 (FY ended Oct 31 2025)","Total revenue $7.05B FY2025; includes $756.6M Ansys contribution (acquisition closed Jul 17 2025). No per-customer breakdown available.","Synopsys FY2025 revenue $7.05B (+15% YoY); backlog $11.4B; China revenue −18% YoY; ~28,000 employees post-Ansys.","Flows to aggregate node 'EDA Customers' representing the entire chip design industry. Synopsys does not disclose per-customer revenue splits. Major EDA buyers include Apple, Qualcomm, Nvidia, AMD, MediaTek, Samsung, Intel.","EDA & IP","#6366F1","rgba(99,102,241,0.42)"
"F049","Cadence","EDA Customers","3","5","5.3","$5,300M","USD","DIRECTLY_DISCLOSED","FY2025","Cadence Design Systems 10-K filed Feb 2026 (FY ended Dec 31 2025)","Total revenue $5.30B FY2025 (+14% YoY). No per-customer breakdown available.","Cadence FY2025 revenue $5.30B; backlog (RPO) $7.8B; Core EDA 70%, Semi IP 14%, System Design 16%; $140.6M export-control settlement (China-related).","Same as F048. Cadence does not disclose per-customer splits. Note China export-control settlement signals Cadence has significant China EDA exposure.","EDA & IP","#6366F1","rgba(99,102,241,0.42)"
"F050","TSMC","Apple Silicon","4","5","19.9","NT$636.7B (22% of NT$2,894.3B)","NT$/USD 32","INFERRED","FY2024","TSMC 2025 20-F (reporting FY2024 customer concentration data)","22% × NT$2,894.3B FY2024 net revenue = NT$636.7B ÷ 32 = $19.90B. TSMC's largest customer (22%) identified as Apple by industry consensus.","TSMC 2025 20-F: 'Top 10 customers in 2024 accounted for approximately 76% of our net revenue. Largest customer = 22% in 2024' (vs 25% in 2023, 23% in 2022).","IMPORTANT: TSMC customer concentration data is for FY2024 (using $90.4B FY2024 revenue base) not FY2025 ($118B). 2025 customer data not yet available in this research. Apple identification is industry consensus — not officially disclosed. Apple-TSMC spend for 2025 estimated $33–60B by SemiAnalysis (analyst estimate, not cited here).","Logic Fab","#EC4899","rgba(236,72,153,0.42)"
"F051","TSMC","Nvidia","4","5","10.85","NT$347.0B (12% of NT$2,894.3B)","NT$/USD 32","INFERRED","FY2024","TSMC 2025 20-F (reporting FY2024 customer concentration data)","12% × NT$2,894.3B FY2024 = NT$347.3B ÷ 32 = $10.85B. TSMC's second-largest customer (12%) identified as Nvidia by consensus.","TSMC 2025 20-F: 'second-largest customer = 12% in 2024' (vs 11% in 2023, <10% in 2022).","Same FY2024 data caveat as F050. Nvidia's TSMC purchases grew substantially in 2025 given $215.9B revenue vs $130.5B FY2025; 2025 TSMC→Nvidia flow estimated at $15–18B by analysts.","Logic Fab","#EC4899","rgba(236,72,153,0.42)"
"F052","TSMC","AMD","4","5","8.14","~NT$260.3B est. (~9%)","NT$/USD 32","INFERRED","FY2024","TSMC 2025 20-F (reporting FY2024 customer concentration data)","AMD estimated at ~9% × $90.4B = $8.14B. TSMC 20-F discloses third-largest as 11% in 2023 and <10% in 2024; AMD identified as third-largest by consensus. 9% midpoint of <10% range.","TSMC 2025 20-F: 'third-largest customer = 11% in 2023, <10% in 2024.'","AMD's TSMC spend includes EPYC CPUs (leading node), Instinct MI GPUs (leading node), and Radeon GPUs. FY2024 AMD TSMC spend declining as third-largest; consistent with AMD's $34.6B FY2025 revenue but only ~$8B in wafer costs (~23% of revenue — typical for fabless).","Logic Fab","#EC4899","rgba(236,72,153,0.42)"
"F053","TSMC","Qualcomm","4","5","6.33","~NT$202.6B est. (~7%)","NT$/USD 32","ANALYST_ESTIMATE","FY2024","TSMC 2025 20-F (reporting FY2024 customer concentration data)","Qualcomm estimated at ~7% × $90.4B = $6.33B. Qualcomm is a significant TSMC customer (Snapdragon 8-series at 4nm/3nm); not individually disclosed in TSMC 20-F.","TSMC 2025 20-F: top-10 = 76%; Qualcomm widely identified as within top-10. Qualcomm FY2025 revenue $44.3B; TSMC is primary foundry for Snapdragon.","Analyst estimate. Qualcomm also uses GlobalFoundries (legacy nodes). 7% is consistent with Qualcomm being in the TSMC top-10 without individually reaching the top-3 concentration levels.","Logic Fab","#EC4899","rgba(236,72,153,0.42)"
"F054","TSMC","MediaTek","4","5","4.52","~NT$144.7B est. (~5%)","NT$/USD 32","ANALYST_ESTIMATE","FY2024","TSMC 2025 20-F (reporting FY2024 customer concentration data)","MediaTek estimated at ~5% × $90.4B = $4.52B. MediaTek uses TSMC exclusively (Dimensity, Kompanio, Helio series); first 2nm tape-out completed.","TSMC 20-F: top-10 = 76%; MediaTek widely understood to be within top-10. MediaTek FY2025 NT$596B revenue; Manufacturing: TSMC exclusively.","Analyst estimate. MediaTek at ~5% is consistent with its foundry costs relative to revenue ($4.52B wafer costs / $18.6B revenue = ~24% ratio, typical).","Logic Fab","#EC4899","rgba(236,72,153,0.42)"
"F055","TSMC","Broadcom","4","5","2.71","~NT$86.7B est. (~3%)","NT$/USD 32","ANALYST_ESTIMATE","FY2024","TSMC 2025 20-F (reporting FY2024 customer concentration data)","Broadcom estimated at ~3% × $90.4B = $2.71B. Broadcom uses TSMC for custom AI XPU, networking ASIC at advanced nodes.","TSMC 20-F: top-10 = 76%. Broadcom FY2025: AI semiconductor revenue +74% YoY in Q4; custom XPU (Google TPU) at advanced nodes uses TSMC fabrication.","Analyst estimate. Broadcom's TSMC spend growing as AI XPU ramps; networking ASICs also at TSMC advanced nodes. 3% may understate 2025 levels.","Logic Fab","#EC4899","rgba(236,72,153,0.42)"
"F056","TSMC","Other Top-10 Customers","4","5","13.78","~NT$520.9B (residual ~18%)","NT$/USD 32","DIRECTLY_DISCLOSED_RESIDUAL","FY2024","TSMC 2025 20-F (reporting FY2024 customer concentration data)","Top-10 = 76% minus Apple 22% minus Nvidia 12% minus AMD 9% est. minus Qualcomm 7% est. minus MediaTek 5% est. minus Broadcom 3% est. = 18% residual = $16.28B. Includes Sony, Marvell, Intel Foundry customers, Xilinx-AMD legacy and others.","TSMC 20-F: 'Top 10 customers in 2024 accounted for approximately 76% of our net revenue.'","Residual of analyst-estimated allocations. Likely includes: Sony Semiconductor (~image sensors, ~2-3%), Marvell (~1-2%), Intel (some chips at TSMC nodes), and others in the TSMC top-10.  [Reduced from $16.28B: explicit Intel Fabs sub-flows added separately]","Logic Fab","#EC4899","rgba(236,72,153,0.42)"
"F057","TSMC","Other Customers","4","5","21.71","NT$694.6B (residual 24%)","NT$/USD 32","DIRECTLY_DISCLOSED_RESIDUAL","FY2024","TSMC 2025 20-F (reporting FY2024 customer concentration data)","24% × $90.4B = $21.71B; 100% − 76% top-10 = 24% outside top-10.","TSMC 20-F: top-10 = 76%; residual 24% covers hundreds of smaller fabless and IDM customers.","Covers small/medium fabless companies, automotive chip designers (NXP, Renesas at TSMC), IoT chip companies, specialty foundry customers.","Logic Fab","#EC4899","rgba(236,72,153,0.42)"
"F058","SK Hynix","Nvidia","4","5","7.78","₩10,890B","KRW/USD 1,400","INFERRED","H1 FY2025","SK Hynix H1 2025 semi-annual report (disclosed via Yonhap News Agency, Aug 2025)","₩10.89T ÷ ₩1,400 per USD = $7.78B. Represents 27.3% of H1 2025 consolidated revenue ₩39.87T. Nvidia identified by industry consensus.","SK Hynix H1 2025 semi-annual report (via Yonhap): one major customer generated ₩10.89T (27.3% of H1 consolidated revenue ₩39.87T). FY2024 same customer ~₩10.9T (~16% of FY2024 revenue).","H1 2025 only — not a full-year figure. Full-year FY2025 Nvidia revenue est. at $14–16B (H1 $7.78B × 2). Customer identity (Nvidia) is industry consensus — SK Hynix does not name Nvidia.","Memory Fab","#14B8A6","rgba(20,184,166,0.42)"
"F059","SK Hynix","Other Memory Customers","4","5","60.12","₩84,140B (residual)","KRW/USD 1,400","DIRECTLY_DISCLOSED_RESIDUAL","FY2025","SK Hynix FY2025 earnings release Jan 28 2026","FY2025 total revenue ₩97.1T ($67.9B); H1 Nvidia $7.78B; annualized Nvidia est. $7.78B (H1 figure used to be conservative). Residual: $67.9B − $7.78B = $60.12B.","SK Hynix FY2025: revenue ₩97.1T (~$67.9B, +47% YoY, record); OP ₩47.2T (+101%, margin 49%); HBM revenue >doubled YoY; ~40% of total DRAM by Q3 2025 is HBM.","H1 Nvidia figure used; full-year Nvidia not disclosed. Residual $60.12B covers: Samsung (standard DRAM for foundry), Apple (DRAM for iPhone/Mac), server OEMs (Dell, HPE), cloud providers for DDR5, enterprise SSD.","Memory Fab","#14B8A6","rgba(20,184,166,0.42)"
"F060_M","Samsung Memory","Nvidia","4","5","5.0","~₩7,000B est.","KRW/USD 1,400","ANALYST_ESTIMATE","FY2025","Samsung Q4 2025 earnings release Jan 29 2026 / Q1 2026 release","Samsung HBM market share 17–22% vs SK Hynix 57–62%; if total HBM market ~$22B, Samsung ~20% share = ~$4.4–5B. HBM4 mass production started Q1 2026 for Nvidia Rubin platform.","Samsung Q1 2026: DS Division OP ₩53.7T in single quarter (48× YoY); Samsung named HBM4 target customers: AMD, Google, Meta, Microsoft, Nvidia. HBM4 mass production started Q1 2026.","HIGHLY UNCERTAIN. Samsung HBM was supply-constrained in 2025 due to yield/qualification issues. FY2025 Nvidia HBM revenue likely lower than implied by market share; FY2026 will be significantly higher post-HBM4 qualification.","Memory Fab","#14B8A6","rgba(20,184,166,0.42)"
"F061_M","Samsung Memory","Other Memory Customers","4","5","69.36","₩97,100B est. (residual)","KRW/USD 1,400","ANALYST_ESTIMATE_RESIDUAL","FY2025","Samsung Q4 2025 earnings release Jan 29 2026","Samsung Memory ₩104.1T ($74.4B FY2025) − Nvidia AI est. $5.0B = $69.4B. Includes DRAM (Apple, PC OEMs), NAND (Apple, enterprise SSD), Samsung Foundry (~$15–20B analyst estimate also embedded here).","Samsung FY2025: DS Memory ₩104.1T (+23% YoY); total Samsung consolidated rev ₩333.6T; capex ₩52.7T.","Samsung Memory ₩104.1T ($74.4B) covers DRAM, HBM, NAND. Samsung Foundry revenue (~$15–20B analyst est.) is NOT separately disclosed and is effectively embedded in this residual.","Memory Fab","#14B8A6","rgba(20,184,166,0.42)"
"F062","Micron","Nvidia","4","5","6.36","$6,358M (17% × $37.4B)","USD","INFERRED","FY2025","Micron 10-K filed Sept 23 2025 / Q1 FY2026 10-Q","Micron Q1 FY2026 10-Q: one customer = 17% of total revenue. Applied to FY2025 full-year $37.4B as representative annualized rate = $6.36B. Nvidia identified by analyst consensus.","Micron Q1 FY26 10-Q: 'Revenue from one customer was 17% of total revenue for first three months of fiscal 2026.' HBM + high-capacity DIMM + LP server DRAM combined $10B FY2025 (5× prior year).","17% is Q1 FY26 data; applying to FY2025 creates annualization uncertainty. Customer identity (Nvidia) is analyst consensus — not officially named. Micron top-10 customers >50% of FY2025 revenue.","Memory Fab","#14B8A6","rgba(20,184,166,0.42)"
"F063","Micron","Other Data Center","4","5","12.34","$12,340M est.","USD","ANALYST_ESTIMATE","FY2025","Micron 10-K filed Sept 23 2025","Data center ~50% of $37.4B = $18.7B; minus top customer (Nvidia) $6.36B = $12.34B for other data center customers (Amazon, Google, Meta, Microsoft hyperscalers).","Micron FY2025: data center ~50% of revenue; CHIPS Act direct funding $6.4B; new Idaho fab first wafer H2 2027.","Data center 50% is approximate characterization of CMBU segment. Includes all hyperscalers and cloud providers excluding Nvidia.","Memory Fab","#14B8A6","rgba(20,184,166,0.42)"
"F064","Micron","Mobile & Consumer","4","5","18.7","$18,700M (residual ~50%)","USD","ANALYST_ESTIMATE_RESIDUAL","FY2025","Micron 10-K filed Sept 23 2025","$37.4B − $18.7B data center est. = $18.7B for Mobile (MCBU), Storage (CDBU), Embedded (AEBU).","Micron FY2025: revenue $37.4B (+49% YoY, record); gross margin 40% (vs 22% in FY2024); DRAM +62%, NAND +18%.","Covers: Mobile customers (Apple, Samsung, Xiaomi LPDDR5), Storage (enterprise SSD, client SSD), Embedded (auto, industrial).","Memory Fab","#14B8A6","rgba(20,184,166,0.42)"
"F065","GlobalFoundries","Qualcomm","4","5","1.08","$1,080M est.","USD","ANALYST_ESTIMATE","FY2024","GlobalFoundries FY2024 results","Qualcomm historically 16–20% of GF revenue; using 16% × $6.75B = $1.08B (low end of historical range).","GF FY2024: net revenue $6.75B (−9% YoY); major customers include Qualcomm (historically largest), AMD, NXP, Infineon, Bosch, Apple, SpaceX.","GF customer percentages not extracted from FY2024 10-K; refer to filed GFS 10-K for current-year precise figure. 16% is historical low-end of Qualcomm's GF wafer-supply range.","Logic Fab","#EC4899","rgba(236,72,153,0.42)"
"F066","GlobalFoundries","Other Chip Designers","4","5","5.67","$5,670M (residual)","USD","ANALYST_ESTIMATE_RESIDUAL","FY2024","GlobalFoundries FY2024 results","$6.75B − $1.08B Qualcomm est. = $5.67B for AMD, NXP, Infineon, Bosch, Apple (growing), SpaceX.","GF FY2024: revenue $6.75B; non-IFRS adj. EBITDA $2.48B (37.4% margin); wafer shipments 2,124K (300mm equiv).","GF's AMD wafer-supply agreement (legacy) provides stable baseline. SpaceX and defense/aerospace are notable GF specialty-node customers.","Logic Fab","#EC4899","rgba(236,72,153,0.42)"
"F010_M","Air Liquide Electronics","Samsung Memory","1","4","0.38","~€500M est.","EUR/USD 1.08","ANALYST_ESTIMATE","FY2024","Air Liquide FY2024 press release","Electronics BL €2,510M × 20% Samsung share (Hwaseong + Pyeongtaek fabs).  ×70% (Samsung Memory DS-capex share)","Air Liquide Electronics BL FY2024 €2,510M. Samsung is a major Korea-based fab customer.","Covers both Samsung Memory (DRAM/HBM) and Samsung Foundry operations. Analyst estimate.  [Samsung DS capex split: Memory ~70%, Foundry ~30%]","Raw Materials & Wafers","#D97706","rgba(217,119,6,0.42)"
"F010_F","Air Liquide Electronics","Samsung Foundry","1","4","0.16","~€500M est.","EUR/USD 1.08","ANALYST_ESTIMATE","FY2024","Air Liquide FY2024 press release","Electronics BL €2,510M × 20% Samsung share (Hwaseong + Pyeongtaek fabs).  ×29% (Samsung Foundry DS-capex share)","Air Liquide Electronics BL FY2024 €2,510M. Samsung is a major Korea-based fab customer.","Covers both Samsung Memory (DRAM/HBM) and Samsung Foundry operations. Analyst estimate.  [Samsung DS capex split: Memory ~70%, Foundry ~30%]","Raw Materials & Wafers","#D97706","rgba(217,119,6,0.42)"
"F015_M","Shin-Etsu Semi","Samsung Memory","1","4","0.57","~¥122B est.","JPY/USD 150","ANALYST_ESTIMATE","FY2025","Shin-Etsu Chemical Annual Report 2025","Semi Silicon $4.61B × 18% Samsung share estimate.  ×70% (Samsung Memory DS-capex share)","Shin-Etsu FY2025 group ¥2,561.2B; Korea and Taiwan are primary markets for 12-inch wafers.","Covers Samsung Memory and Samsung Foundry 300mm substrate purchases.  [Samsung DS capex split: Memory ~70%, Foundry ~30%]","Raw Materials & Wafers","#D97706","rgba(217,119,6,0.42)"
"F015_F","Shin-Etsu Semi","Samsung Foundry","1","4","0.24","~¥122B est.","JPY/USD 150","ANALYST_ESTIMATE","FY2025","Shin-Etsu Chemical Annual Report 2025","Semi Silicon $4.61B × 18% Samsung share estimate.  ×29% (Samsung Foundry DS-capex share)","Shin-Etsu FY2025 group ¥2,561.2B; Korea and Taiwan are primary markets for 12-inch wafers.","Covers Samsung Memory and Samsung Foundry 300mm substrate purchases.  [Samsung DS capex split: Memory ~70%, Foundry ~30%]","Raw Materials & Wafers","#D97706","rgba(217,119,6,0.42)"
"F020_M","ASML","Samsung Memory","2","4","3.56","€4,629.3M (calculated)","EUR/USD 1.10","INFERRED","FY2025","ASML 2025 Annual Report (Form 6-K filed early 2026)","Two largest customers = 38.0% of €32.7B = €12,426M; minus largest €7,796.7M = second customer €4,629.3M; × 1.10 = $5.09B. Samsung inferred as second-largest.  ×69% (Samsung Memory DS-capex share)","ASML 2025 AR: 'In 2025, 38.0% of total net sales were made to our two largest customers.'","Second customer identity (Samsung) is INFERRED. Samsung is the only other major EUV buyer of comparable scale. Covers Samsung Memory EUV (DRAM) and Samsung Foundry EUV (logic) tools.  [Samsung DS capex split: Memory ~70%, Foundry ~30%]","Semiconductor Equipment","#06B6D4","rgba(6,182,212,0.42)"
"F020_F","ASML","Samsung Foundry","2","4","1.53","€4,629.3M (calculated)","EUR/USD 1.10","INFERRED","FY2025","ASML 2025 Annual Report (Form 6-K filed early 2026)","Two largest customers = 38.0% of €32.7B = €12,426M; minus largest €7,796.7M = second customer €4,629.3M; × 1.10 = $5.09B. Samsung inferred as second-largest.  ×30% (Samsung Foundry DS-capex share)","ASML 2025 AR: 'In 2025, 38.0% of total net sales were made to our two largest customers.'","Second customer identity (Samsung) is INFERRED. Samsung is the only other major EUV buyer of comparable scale. Covers Samsung Memory EUV (DRAM) and Samsung Foundry EUV (logic) tools.  [Samsung DS capex split: Memory ~70%, Foundry ~30%]","Semiconductor Equipment","#06B6D4","rgba(6,182,212,0.42)"
"F023_M","Applied Materials","Samsung Memory","2","4","2.98","$4,256M","USD","INFERRED","FY2025","Applied Materials 10-K filed Dec 2025","Customer 2 = 15% of $28.37B = $4.26B. Samsung (Memory + Foundry combined) identified as Customer 2.  ×69% (Samsung Memory DS-capex share)","AMAT 10-K FY2025: two customers at 19% and 15% of net revenue. Geographic: Asia-Pacific 86% of total; China −16% YoY.","Samsung identified as likely Customer 2 by analyst consensus. Covers both Samsung Memory (DRAM/HBM deposition tools) and Samsung Foundry equipment purchases.  [Samsung DS capex split: Memory ~70%, Foundry ~30%]","Semiconductor Equipment","#06B6D4","rgba(6,182,212,0.42)"
"F023_F","Applied Materials","Samsung Foundry","2","4","1.28","$4,256M","USD","INFERRED","FY2025","Applied Materials 10-K filed Dec 2025","Customer 2 = 15% of $28.37B = $4.26B. Samsung (Memory + Foundry combined) identified as Customer 2.  ×30% (Samsung Foundry DS-capex share)","AMAT 10-K FY2025: two customers at 19% and 15% of net revenue. Geographic: Asia-Pacific 86% of total; China −16% YoY.","Samsung identified as likely Customer 2 by analyst consensus. Covers both Samsung Memory (DRAM/HBM deposition tools) and Samsung Foundry equipment purchases.  [Samsung DS capex split: Memory ~70%, Foundry ~30%]","Semiconductor Equipment","#06B6D4","rgba(6,182,212,0.42)"
"F027_M","Lam Research","Samsung Memory","2","4","1.94","$2,766M est.","USD","INFERRED","FY2025","Lam Research 10-K filed Aug 2025 (Note 9)","Samsung named as most significant customer; estimated at ~15% × $18.44B = $2.77B. Korea geographic revenue 22% = $4.05B split between Samsung and SK Hynix.  ×70% (Samsung Memory DS-capex share)","Lam 10-K FY2025: Samsung and TSMC named; geographic: China 34%, Korea 22%, Taiwan 19%, Japan 10%, US 7%.","Same caveat as F026. Covers Samsung Memory (DRAM etch) and Samsung Foundry.  [Samsung DS capex split: Memory ~70%, Foundry ~30%]","Semiconductor Equipment","#06B6D4","rgba(6,182,212,0.42)"
"F027_F","Lam Research","Samsung Foundry","2","4","0.83","$2,766M est.","USD","INFERRED","FY2025","Lam Research 10-K filed Aug 2025 (Note 9)","Samsung named as most significant customer; estimated at ~15% × $18.44B = $2.77B. Korea geographic revenue 22% = $4.05B split between Samsung and SK Hynix.  ×29% (Samsung Foundry DS-capex share)","Lam 10-K FY2025: Samsung and TSMC named; geographic: China 34%, Korea 22%, Taiwan 19%, Japan 10%, US 7%.","Same caveat as F026. Covers Samsung Memory (DRAM etch) and Samsung Foundry.  [Samsung DS capex split: Memory ~70%, Foundry ~30%]","Semiconductor Equipment","#06B6D4","rgba(6,182,212,0.42)"
"F032_M","Tokyo Electron","Samsung Memory","2","4","1.27","~¥273B est.","JPY/USD 150","ANALYST_ESTIMATE","FY2025","Tokyo Electron Integrated Report FY2025","Korea geographic: 22.4% × $16.21B = $3.63B total Korea; split ~50/50 between Samsung and SK Hynix = $1.82B each.  ×69% (Samsung Memory DS-capex share)","TEL FY25 Q4 geographic: Korea 22.4%; TEL application mix: Non-Memory 62%, DRAM 31%, NAND 7%.","50/50 Korea split is a simplification. SK Hynix capex was elevated in 2025 on HBM build-out; Samsung capex may have been somewhat lower due to HBM qual issues.  [Samsung DS capex split: Memory ~70%, Foundry ~30%]","Semiconductor Equipment","#06B6D4","rgba(6,182,212,0.42)"
"F032_F","Tokyo Electron","Samsung Foundry","2","4","0.55","~¥273B est.","JPY/USD 150","ANALYST_ESTIMATE","FY2025","Tokyo Electron Integrated Report FY2025","Korea geographic: 22.4% × $16.21B = $3.63B total Korea; split ~50/50 between Samsung and SK Hynix = $1.82B each.  ×30% (Samsung Foundry DS-capex share)","TEL FY25 Q4 geographic: Korea 22.4%; TEL application mix: Non-Memory 62%, DRAM 31%, NAND 7%.","50/50 Korea split is a simplification. SK Hynix capex was elevated in 2025 on HBM build-out; Samsung capex may have been somewhat lower due to HBM qual issues.  [Samsung DS capex split: Memory ~70%, Foundry ~30%]","Semiconductor Equipment","#06B6D4","rgba(6,182,212,0.42)"
"F037_M","KLA","Samsung Memory","2","4","0.85","$1,216M est.","USD","ANALYST_ESTIMATE","FY2025","KLA Corporation 10-K filed Aug 8 2025","KLA >10% threshold; Samsung estimated at ~10% × $12.16B = $1.22B.  ×69% (Samsung Memory DS-capex share)","KLA FY2025: China 33% of revenue; international ~89%; services ~22% of revenue.","Analyst estimate. Samsung's HBM yield improvement effort drives elevated inspection tool demand.  [Samsung DS capex split: Memory ~70%, Foundry ~30%]","Process Control Equipment","#F59E0B","rgba(245,158,11,0.42)"
"F037_F","KLA","Samsung Foundry","2","4","0.37","$1,216M est.","USD","ANALYST_ESTIMATE","FY2025","KLA Corporation 10-K filed Aug 8 2025","KLA >10% threshold; Samsung estimated at ~10% × $12.16B = $1.22B.  ×30% (Samsung Foundry DS-capex share)","KLA FY2025: China 33% of revenue; international ~89%; services ~22% of revenue.","Analyst estimate. Samsung's HBM yield improvement effort drives elevated inspection tool demand.  [Samsung DS capex split: Memory ~70%, Foundry ~30%]","Process Control Equipment","#F59E0B","rgba(245,158,11,0.42)"
"F040_M","Screen Holdings","Samsung Memory","2","4","0.48","~¥104B est.","JPY/USD 150","ANALYST_ESTIMATE","FY2025","Screen Holdings FY2025 disclosure","SPE $3.46B × 20% Samsung share estimate.  ×69% (Samsung Memory DS-capex share)","Screen FY2025 SPE ¥519.5B; Korea is a major geographic market.","Analyst estimate covering Samsung Memory and Samsung Foundry spin/clean equipment.  [Samsung DS capex split: Memory ~70%, Foundry ~30%]","Semiconductor Equipment","#06B6D4","rgba(6,182,212,0.42)"
"F040_F","Screen Holdings","Samsung Foundry","2","4","0.21","~¥104B est.","JPY/USD 150","ANALYST_ESTIMATE","FY2025","Screen Holdings FY2025 disclosure","SPE $3.46B × 20% Samsung share estimate.  ×30% (Samsung Foundry DS-capex share)","Screen FY2025 SPE ¥519.5B; Korea is a major geographic market.","Analyst estimate covering Samsung Memory and Samsung Foundry spin/clean equipment.  [Samsung DS capex split: Memory ~70%, Foundry ~30%]","Semiconductor Equipment","#06B6D4","rgba(6,182,212,0.42)"
"F080","Cymer","ASML","1","2","2.6","~$2.6B (pre-acq. est.)","USD","ANALYST_ESTIMATE","FY2012 pre-acquisition","ASML acquisition filing Nov 2013 / ASML press releases","ASML acquired Cymer in Nov 2013 for ~$2.5B cash; Cymer's annual DUV excimer-laser light-source revenue estimated at ~$2.6B standalone. Shown as sub-component supplier reflecting embedded cost centre within ASML's current manufacturing.","ASML 2013 press: 'ASML completes acquisition of Cymer for ~$2.5B'. Cymer was sole supplier of DUV ArF/KrF excimer laser sources to ASML prior to full consolidation.","Cymer is now a 100%-owned ASML subsidiary (since Nov 2013). This flow represents the historical/embedded commercial value of the light-source sub-system, not an arm's-length transaction. Shown to match YouTube creator's taxonomy.","Precision Sub-Components","#8B5CF6","rgba(139,92,246,0.42)"
"F081","Pfeiffer Vacuum","ASML","1","2","0.14","~€130M est.","EUR/USD 1.10","ANALYST_ESTIMATE","FY2024","Pfeiffer Vacuum (Atlas Copco sub.) / industry estimates","Total Pfeiffer rev ~€700M; semi ~60% = ~€420M ($462M); ASML ~30% share of semi revenue (EUV chambers need ultra-HV turbopumps) = ~$138M.","Pfeiffer makes turbomolecular pumps, gauges and leak detectors; ASML EUV tool requires multiple Pfeiffer turbopumps for vacuum column and reticle pod.","Pfeiffer acquired by Atlas Copco 2021; no longer independently listed. Semi revenue not separately disclosed.","Precision Sub-Components","#8B5CF6","rgba(139,92,246,0.42)"
"F082","Pfeiffer Vacuum","Applied Materials","1","2","0.12","~€110M est.","EUR/USD 1.10","ANALYST_ESTIMATE","FY2024","Pfeiffer Vacuum (Atlas Copco sub.)","~25% of Pfeiffer semi revenue ($462M) allocated to AMAT CVD/etch/PVD tools.","AMAT ALD, CVD, and etch chambers use Pfeiffer turbopumps for process vacuum.","Same caveat as F081.","Precision Sub-Components","#8B5CF6","rgba(139,92,246,0.42)"
"F083","Pfeiffer Vacuum","Lam Research","1","2","0.12","~€110M est.","EUR/USD 1.10","ANALYST_ESTIMATE","FY2024","Pfeiffer Vacuum (Atlas Copco sub.)","~25% of Pfeiffer semi revenue allocated to Lam etch reactor vacuum sub-systems.","Lam atomic-layer etch and conductor etch tools use Pfeiffer turbopumps.","Same caveat as F081.","Precision Sub-Components","#8B5CF6","rgba(139,92,246,0.42)"
"F084","Pfeiffer Vacuum","Tokyo Electron","1","2","0.1","~€92M est.","EUR/USD 1.10","ANALYST_ESTIMATE","FY2024","Pfeiffer Vacuum (Atlas Copco sub.)","~20% of Pfeiffer semi revenue allocated to TEL CVD/thermal/coat tools.","TEL vertical furnace, CVD and etch tools incorporate Pfeiffer vacuum systems.","Same caveat as F081.","Precision Sub-Components","#8B5CF6","rgba(139,92,246,0.42)"
"F085","MKS Instruments","ASML","1","2","0.19","$190M est.","USD","ANALYST_ESTIMATE","FY2024","MKS Instruments 10-K filed Feb 2025 ($3.59B total; semi ~42%=$1.51B)","Semi revenue $1.51B; ~50% to equipment OEMs ($756M); ASML ~25% of OEM portion = $189M. MKS RF power delivery and gas flow systems embedded in ASML DUV scanner sub-systems.","MKS 10-K: 'No customers in 2024 accounted for >10% of net revenues'; semi ~42% of $3.59B.","No per-customer disclosure. MKS sells power generators, pressure measurement and plasma diagnostics to all major equipment OEMs.","Process Control Equipment","#F59E0B","rgba(245,158,11,0.42)"
"F086","MKS Instruments","Applied Materials","1","2","0.19","$190M est.","USD","ANALYST_ESTIMATE","FY2024","MKS Instruments 10-K filed Feb 2025","~25% of MKS OEM portion ($756M) = $189M allocated to AMAT CVD/etch process modules.","MKS RF power and gas delivery are core components of AMAT CVD and etch chambers.","Same caveat as F085.","Process Control Equipment","#F59E0B","rgba(245,158,11,0.42)"
"F087","MKS Instruments","Lam Research","1","2","0.19","$190M est.","USD","ANALYST_ESTIMATE","FY2024","MKS Instruments 10-K filed Feb 2025","~25% of MKS OEM portion allocated to Lam etch and ALD process modules.","MKS power and gas systems are integral to Lam etch reactor design.","Same caveat as F085.","Process Control Equipment","#F59E0B","rgba(245,158,11,0.42)"
"F088","MKS Instruments","Tokyo Electron","1","2","0.19","$190M est.","USD","ANALYST_ESTIMATE","FY2024","MKS Instruments 10-K filed Feb 2025","~25% of MKS OEM portion allocated to TEL thermal/CVD process modules.","TEL vertical furnace and CVD tools use MKS process control sub-systems.","Same caveat as F085.","Process Control Equipment","#F59E0B","rgba(245,158,11,0.42)"
"F089","MKS Instruments","TSMC","1","4","0.38","$380M est.","USD","ANALYST_ESTIMATE","FY2024","MKS Instruments 10-K filed Feb 2025","~50% of MKS semi revenue sold directly to fabs ($756M); TSMC ~50% of direct fab portion = $378M.","MKS sells gas flow controllers, plasma diagnostics and pressure sensors directly to fab process engineering teams at TSMC.","MKS direct-to-fab revenue includes spare parts and service; TSMC share estimated at ~50% based on TSMC's dominant share of advanced-node wafer starts.","Process Control Equipment","#F59E0B","rgba(245,158,11,0.42)"
"F090","MKS Instruments","Other Foundries","1","4","0.37","$370M est. (residual)","USD","ANALYST_ESTIMATE_RESIDUAL","FY2024","MKS Instruments 10-K filed Feb 2025","~50% of MKS direct-fab revenue ($756M) less TSMC $378M = $378M; allocated to Samsung, SK Hynix, Intel, Micron, GlobalFoundries.","MKS serves all major fabs globally for process control and gas management.","Residual from MKS direct-to-fab allocation.","Process Control Equipment","#F59E0B","rgba(245,158,11,0.42)"
"F091","Brooks Automation","Applied Materials","1","2","0.25","$250M est.","USD","ANALYST_ESTIMATE","FY2025","Brooks Automation (private since Feb 2022; sold to Thomas H. Lee Partners for $3.0B)","Brooks ~$1.0B est. revenue (post-split from Azenta); allocated 25% to AMAT (wafer-handling robots integrated into AMAT cluster-tool platforms).","Brooks Automation makes FOUP openers, atmospheric transfer robots and cryogenic handling systems embedded in AMAT semiconductor equipment tool sets.","Brooks Automation is PRIVATE (delisted Feb 2022 when Azenta retained life-sciences business and sold semiconductor automation to THL). Revenue not publicly disclosed; $1.0B is analyst estimate.","Precision Sub-Components","#8B5CF6","rgba(139,92,246,0.42)"
"F092","Brooks Automation","Lam Research","1","2","0.25","$250M est.","USD","ANALYST_ESTIMATE","FY2025","Brooks Automation (private)","25% of Brooks ~$1.0B allocated to Lam (wafer handling in etch/dep cluster tools).","Brooks atmospheric robots handle wafer transfers in Lam Kiyo etch and Altus ALD tools.","Same caveat as F091.","Precision Sub-Components","#8B5CF6","rgba(139,92,246,0.42)"
"F093","Brooks Automation","Tokyo Electron","1","2","0.25","$250M est.","USD","ANALYST_ESTIMATE","FY2025","Brooks Automation (private)","25% of Brooks ~$1.0B allocated to TEL track/CVD/thermal cluster tools.","TEL CLEAN TRACK coat/develop and Trias thermal tools use Brooks wafer automation.","Same caveat as F091.","Precision Sub-Components","#8B5CF6","rgba(139,92,246,0.42)"
"F094","Brooks Automation","Screen Holdings","1","2","0.25","$250M est.","USD","ANALYST_ESTIMATE","FY2025","Brooks Automation (private)","25% of Brooks ~$1.0B allocated to Screen Holdings (cleaning/rinse tool handling).","Screen batch-clean and spin-rinse-dry tools use Brooks wafer cassette handling.","Same caveat as F091.","Precision Sub-Components","#8B5CF6","rgba(139,92,246,0.42)"
"F095","SUMCO","TSMC","1","4","0.65","¥97.5B est.","JPY/USD 150","ANALYST_ESTIMATE","FY2024","SUMCO Corporation FY2024 results (revenue ¥396.6B, −6.88% YoY)","SUMCO FY2024 rev ¥396.6B ($2.64B); TSMC allocated ~25% = $0.66B (rounded $0.65B). Same proportional methodology as Shin-Etsu Semi silicon wafer allocations.","SUMCO FY2024: net income ¥19.9B (margin 5.0%); gross margin 18.3%; customers concentrated at TSMC, Samsung, SK Hynix, Micron, Intel.","SUMCO does not disclose customer percentages (Japan quarterly Securities Reports discontinued Apr 2024, reducing disclosure granularity). 25% TSMC share is an analyst proxy consistent with TSMC's ~17-20% global 300mm wafer volume share.","Raw Materials & Wafers","#D97706","rgba(217,119,6,0.42)"
"F096","SUMCO","Samsung Memory","1","4","0.33","¥49.5B est.","JPY/USD 150","ANALYST_ESTIMATE","FY2024","SUMCO Corporation FY2024 results","Samsung share ~18% × $2.64B = $0.475B; Samsung Memory 70% = $0.333B (rounded $0.33B).","SUMCO serves Samsung's 300mm DRAM and HBM fab substrate needs at Pyeongtaek and Hwaseong.","Samsung Memory 70% allocation consistent with DS-capex split methodology used throughout.","Raw Materials & Wafers","#D97706","rgba(217,119,6,0.42)"
"F097","SUMCO","Samsung Foundry","1","4","0.14","¥21.0B est.","JPY/USD 150","ANALYST_ESTIMATE","FY2024","SUMCO Corporation FY2024 results","Samsung Foundry 30% × Samsung total $0.475B = $0.143B (rounded $0.14B).","Samsung Foundry logic nodes require polished 300mm silicon substrates from SUMCO.","Same Samsung 70/30 methodology.","Raw Materials & Wafers","#D97706","rgba(217,119,6,0.42)"
"F098","SUMCO","SK Hynix","1","4","0.26","¥39.0B est.","JPY/USD 150","ANALYST_ESTIMATE","FY2024","SUMCO Corporation FY2024 results","SK Hynix ~10% × $2.64B = $0.264B (rounded $0.26B).","SUMCO FY2024: SK Hynix named as concentrated customer in company materials.","SK Hynix dual-sources 300mm substrates from Shin-Etsu and SUMCO.","Raw Materials & Wafers","#D97706","rgba(217,119,6,0.42)"
"F099","SUMCO","Micron","1","4","0.21","¥31.5B est.","JPY/USD 150","ANALYST_ESTIMATE","FY2024","SUMCO Corporation FY2024 results","Micron ~8% × $2.64B = $0.211B (rounded $0.21B).","SUMCO has historically named Micron as a significant customer.","Micron sources silicon wafers from Shin-Etsu and SUMCO.","Raw Materials & Wafers","#D97706","rgba(217,119,6,0.42)"
"F100","SUMCO","Other Foundries","1","4","1.05","¥157.5B est. (residual)","JPY/USD 150","ANALYST_ESTIMATE_RESIDUAL","FY2024","SUMCO Corporation FY2024 results","$2.64B − $0.65B − $0.47B − $0.26B − $0.21B = $1.05B residual (Intel, GlobalFoundries, Kioxia, UMC and others).","SUMCO FY2024: revenue ¥396.6B; capex elevated for advanced 300mm substrate capacity.","Intel is a large 300mm silicon wafer buyer; Kioxia uses SUMCO for 300mm NAND substrates.","Raw Materials & Wafers","#D97706","rgba(217,119,6,0.42)"
"F101","JSR","TSMC","1","4","0.54","~¥80.5B est.","JPY/USD 150","ANALYST_ESTIMATE","FY2024","JSR Corporation (private since Jun 25 2024; JIC acquisition ~¥904.3B)","JSR Digital Solutions (photoresists) ~¥160B; TSMC ~50% = ¥80B ($0.54B). JSR holds #1 global EUV photoresist share (~22-27% total photoresist market).","JSR FY2024 (year ended Mar 2025): net loss ¥217.5B incl. ¥157.6B goodwill impairment ('financial big bath' post-privatisation). Digital Solutions segment ~¥160B.","JSR is PRIVATE (JIC acquisition, delisted Jun 2024). Revenue figures from HDIN Research and Digitimes secondary sources. EUV resists almost exclusively consumed by TSMC and Samsung at leading-edge nodes; TSMC 50% allocation is conservative.","Raw Materials & Wafers","#D97706","rgba(217,119,6,0.42)"
"F102","JSR","Other Foundries","1","4","0.53","~¥79.5B est. (residual)","JPY/USD 150","ANALYST_ESTIMATE_RESIDUAL","FY2024","JSR Corporation (private)","JSR Digital Solutions ~$1.07B − $0.54B TSMC = $0.53B residual for Samsung, Intel, SK Hynix, and other photoresist customers.","JSR photoresists used at all advanced logic and memory fab customers globally.","Same JSR caveat as F101.","Raw Materials & Wafers","#D97706","rgba(217,119,6,0.42)"
"F103","ASML","Intel Fabs","2","4","2.5","$2,500M est.","USD","ANALYST_ESTIMATE","FY2025","ASML 2025 Annual Report; Intel 10-K FY2025; Intel Foundry disclosures","Intel extracted from ASML Other Foundries ($22.30B → $19.80B, −$2.50B). Intel is aggressively deploying EUV for 18A node; High-NA EUV tools ordered for 14A.","Intel Foundry: 'substantial majority of consolidated depreciation incurred by Intel Foundry'; Intel remains only major customer of its own 18A node. Intel placed early High-NA EUV orders.","ANALYST_ESTIMATE extracted from ASML Other Foundries residual. Intel identity known from public Intel roadmap and ASML investor-day disclosures referencing Intel 18A/14A EUV ramp.","Semiconductor Equipment","#06B6D4","rgba(6,182,212,0.42)"
"F104","Applied Materials","Intel Fabs","2","4","2.0","$2,000M est.","USD","ANALYST_ESTIMATE","FY2025","AMAT 10-K filed Dec 2025; Intel 10-K FY2025","Intel extracted from AMAT Other Foundries ($16.46B → $14.46B, −$2.00B). Intel uses AMAT gate-all-around, EUV-patterning and advanced packaging tools for 18A.","AMAT has strategic relationships with Intel for Intel 18A GAA node CVD/PVD/etch toolsets.","ANALYST_ESTIMATE extracted from AMAT Other Foundries.","Semiconductor Equipment","#06B6D4","rgba(6,182,212,0.42)"
"F105","Lam Research","Intel Fabs","2","4","1.5","$1,500M est.","USD","ANALYST_ESTIMATE","FY2025","Lam Research 10-K filed Aug 2025; Intel 10-K FY2025","Intel extracted from Lam Other Foundries ($9.58B → $8.08B, −$1.50B). Lam high-aspect-ratio etch and selective ALD are critical for Intel 18A/20A patterning.","Lam supplies etch and ALD for Intel's advanced logic node EUV patterning multi-patterning stack.","ANALYST_ESTIMATE extracted from Lam Other Foundries.","Semiconductor Equipment","#06B6D4","rgba(6,182,212,0.42)"
"F106","Intel Fabs","Intel Chips","4","5","17.5","$17,500M","USD","DIRECTLY_DISCLOSED","FY2025","Intel 10-K / 10-Q filings FY2025 (Intel Foundry segment)","Intel Foundry segment ~$17.5B FY2025 (almost entirely intersegment). Represents manufacturing services value transferred from Intel Fabs to CCG + DCAI product divisions.","Intel 10-K: Intel Foundry ~$17.5B (mostly intersegment); CCG ~$30.3B; DCAI ~$12.8B; external foundry revenue $85M first nine months FY2025 ($32M in Q3 2025 alone).","Intel Foundry is 99%+ internal — Intel uses its own fabs to make Core and Xeon chips. Operating loss ~$9B annual run-rate in FY2025. 'Intel remains the only major customer of its own 18A node.'","Logic Fab","#EC4899","rgba(236,72,153,0.42)"
"F107","Intel Fabs","Other Chip Designers","4","5","0.3","$300M est.","USD","DIRECTLY_DISCLOSED","FY2025","Intel 10-K / 10-Q FY2025 (Intel Foundry external revenue)","External Intel Foundry revenue annualised: $85M first nine months FY2025 → ~$113M; FY2024 $307M (incl. $222M product revenue). Used $0.30B as representative estimate.","Intel 10-K Q3 FY2025: 'External foundry revenue $32M in Q3 2025; $85M in first nine months.' FY2024 external was $307M incl. $222M from Intel's own IP licensing as a product.","Intel external foundry customers not named publicly. Intel 18A yield ramp is critical to attracting meaningful external customers beyond the current pilot phase.","Logic Fab","#EC4899","rgba(236,72,153,0.42)"
"F108","TSMC","Intel Chips","4","5","2.5","NT$80B est. (~2.8% of NT$2,894.3B)","NT$/USD 32","ANALYST_ESTIMATE","FY2024","TSMC 2025 20-F; Intel product disclosures; industry analyst reports","Intel outsources certain products to TSMC: Arc GPU (N6/N5 node), select connectivity and networking chips. Estimated ~2.8% of TSMC FY2024 revenue = $2.5B. Extracted from TSMC Other Top-10 ($16.28B → $13.78B, −$2.50B).","Intel Arc GPU (Alchemist, Battlemage) confirmed manufactured at TSMC N6/N5. TSMC 20-F historically showed Intel in top-3 customers (~5-7%) in 2022–2023; share declined as Intel Foundry First strategy evolved.","Intel TSMC spend declining from earlier peak as more Intel designs move to TSMC N3/N2 for outsourced products while Intel internal 18A/20A ramps for Core/Xeon.","Logic Fab","#EC4899","rgba(236,72,153,0.42)"
"F109","Samsung Foundry","Qualcomm","4","5","2.0","$2,000M est.","USD","ANALYST_ESTIMATE","FY2025","Samsung Foundry capacity estimates; Qualcomm chipset sourcing reports","Samsung Foundry total ~$17B analyst est.; Qualcomm ~$2B (legacy Snapdragon at Samsung S4/S5 Austin TX and Hwaseong Korea fabs at 4nm node).","Qualcomm shifted majority of Snapdragon 8-series to TSMC N3/N4 from ~2021; Samsung retained mid-range Snapdragon designs and some legacy production.","Samsung Foundry revenue is NOT separately disclosed (only consolidated DS Division $92.9B). $17B total is analyst estimate from Gartner and IDC foundry market share data.","Logic Fab","#EC4899","rgba(236,72,153,0.42)"
"F110","Samsung Foundry","Other Chip Designers","4","5","15.0","$15,000M est. (residual)","USD","ANALYST_ESTIMATE_RESIDUAL","FY2025","Samsung Foundry capacity estimates; Samsung DS Division FY2025 disclosure","Samsung Foundry ~$17B est. − $2B Qualcomm = $15B. Customers: own Exynos AP (Samsung Mobile, largest internal customer), Tesla (Autopilot SoC), IBM, NXP.","Samsung DS Division FY2025: total $92.9B; Memory $74.4B; implied Foundry ~$17B. Samsung Foundry market share ~12-15% globally (vs TSMC ~60%).","Samsung Foundry market share eroded in 2024-25 due to yield and HBM qualification issues. Internal Exynos is by far the largest single Samsung Foundry customer. Tesla Autopilot SoC (FSD chip) is manufactured at Samsung Foundry.","Logic Fab","#EC4899","rgba(236,72,153,0.42)"
